round,pair,team_a,team_b,challonge_match_id,time
512,1,อยากฮีลใจแต่เป็นได้แค่ฮีลมังกาซอ,วอดส์,129,19:00
512,2,อยู่ไม่ไหว,Patapiwwiwwiw,48,19:00
512,3,กินมันเผาา,ꜰᴀᴇʟᴏʀɪᴀ,49,19:00
512,4,รีบมารีบไป,อาโอวีอาโอใจ,50,19:00
512,5,MEOWMEOW,แชมป์ระดับโลก,130,19:00
512,6,สาดไปสมาชิก,NEREID_,51,19:00
512,7,NAIAD CHILL,Paloy,131,19:00
512,8,The Mystics.,GKL ไก่ขึ้นลาน,52,19:00
512,9,Nunoinarak,อยากกินซูชิ,132,19:00
512,10,PYWON,SBAC E-sports Girl,53,19:00
512,11,ฟันเหลืองเคืองไม,K9,54,19:00
512,12,Qing Cha,KUROBUTA PREMiUM,55,19:00
512,13,น้องดุ๊กดิ๊ก,กลอ ไก่,133,19:00
512,14,ตึงจัด,First Blood,56,19:00
512,15,Babiezzzzz,Fierce Furs,57,19:00
512,16,ZEPHYRA,NovaApex,58,19:00
512,17,Nursingสั่งลุย,มือปราบ67,134,19:00
512,18,LiL' CATS,เจ๊พลอยสั่งลุย,59,19:00
512,19,Meowzzz,ZORINA,60,19:00
512,20,ไม่หลายใจแต่หลายจาน,ห่านปิ้ง,61,19:00
512,21,BUBBLY BLOOM,SaWaDiKa.,135,19:00
512,22,SuperShine,The Powerbuff ก่อน,62,19:00
512,23,VELVET LADY,ILHP (I Love Hotpot),136,19:00
512,24,FATAL ROSE,Power girl,63,19:00
512,25,Winx,LUNE,137,19:00
512,26,มะมะมะมุเด้ง,ma doen len v.2,64,19:00
512,27,ไม่เน้นเข้ารอบ,GSTxMR,65,19:00
512,28,YA THAM NU LOEI KHA PHI,bunnygawa,66,19:00
512,29,Brooklyn Baby,RubySunshine,138,19:00
512,30,VELVYN,mis(s)ter อุ้ดส์,67,19:00
512,31,Zweettear,ไหนลองทำหน้าโกรธ,139,19:00
512,32,Noomaiphorjai,หมูแคระ ( Moo Krae ),68,19:00
512,33,GAIPU,กินไก่แถวหอไอเฟล,140,20:00
512,34,I god Meow,เสื้อสวยๆ ฉันขอนะ,69,20:00
512,35,KITTY CLAW,Kid mai ook diao bok wan lang,70,20:00
512,36,BABY Jonior,Dayromii,71,20:00
512,37,Cinnavy,VIXEN.2,141,20:00
512,38,โห่พี่ บัฟผม,KUNCHORN E-Sport,72,20:00
512,39,MOYA,capybara cuteV.2,142,20:00
512,40,VIXEN esport,SIGMA GIRL,73,20:00
512,41,VOID5 BOSS,Maihodteadaimod,143,20:00
512,42,Sweet girl,All for Aom,74,20:00
512,43,Tiny Terror,Kiss n tell,75,20:00
512,44,Lenmeldyy,APPLE SOUR,76,20:00
512,45,Nuggets,ทีม Kitten kills,144,20:00
512,46,Lavender Mood,APEX,77,20:00
512,47,ปลาส้ม,CCM,145,20:00
512,48,อยากกินมาม่า,Kinetic Potential,78,20:00
512,49,RAVÉLIA,NO MERCY,146,20:00
512,50,ขอเสียงหน่อยครับบบบ,Thungpo,79,20:00
512,51,ลาก่อนแครี่ของผม,ทีมจิงโจ้,80,20:00
512,52,Fighter Woman,Slay-cation,81,20:00
512,53,อย่าเอ๊ะ เดี๋ยวเละหมด,Saohai e-sports,147,20:00
512,54,Aura of Eternity,Last Light,82,20:00
512,55,Kaneki Ken,Neon Dolphin,148,20:00
512,56,แพ้ไม่กลัว กลัวไม่ได้เสื้อ V.2,Cute Killers,83,20:00
512,57,ไม่ซ้อม พร้อมแข่ง,ANÉLYN,149,20:00
512,58,SELF-SERVICES,LITTLE - CHICKEN,84,20:00
512,59,Kuromisanrio67,ชาวนากับงูเห่า.,85,20:00
512,60,The Endless,Queen B,86,20:00
512,61,Flashlight,Luckygirl,150,20:00
512,62,เทคมาเนียน,เสต็ปเคะ,87,20:00
512,63,ยางวงสึแดง,PRINCESS ARENA,151,20:00
512,64,Bubble Gum,Magic Friends​ V2​,88,20:00
512,65,เจิดระเบ๋ง,Samutsakhon Esports,152,21:00
512,66,BURAPA RASMING,HEXA,89,21:00
512,67,MMaPSB,THE ECLIPSE,90,21:00
512,68,Proud,โหด 5 ซ่าได้ทุกเลน,91,21:00
512,69,ฆนมไทย,Last Star,153,21:00
512,70,Quincy,GG Later.,92,21:00
512,71,Sainoi Luxury⠀,RJ รีบจบรีบไปนอน,154,21:00
512,72,วัยรุ่นปวดหลังzZ,Tower Zoom,93,21:00
512,73,Tiny Tigers,RAVENIX,155,21:00
512,74,LYRA,STOU ESPORTS,94,21:00
512,75,The Empress,มายลิตเติลโพนี่,95,21:00
512,76,RU1X (อายุวัณโณ),Breakout star,96,21:00
512,77,DARK DIVA,ม้าไม้เมืองทรอย by บักโนแลน,156,21:00
512,78,PAWREIGNN,ปลาปักเป้ามาเอาปอง,97,21:00
512,79,Kangmoo,What’s,157,21:00
512,80,Miss(ing)you,QUEEN5,98,21:00
512,81,WITCHES,QUEEN TIMES,158,21:00
512,82,Mega Kiss,MOONIX,99,21:00
512,83,Rainyra,Baby Monster,100,21:00
512,84,NYXA,Babybombb,101,21:00
512,85,Vanilla Glaze,สาวอุดร,159,21:00
512,86,PWG,Midnight Luna,102,21:00
512,87,AMRAPHON,Girlsonly,160,21:00
512,88,Veteran Queens,ตัวแม่จะแคร์เพื่อ,103,21:00
512,89,DooWhiteค้าบบบ,Queen Ace,161,21:00
512,90,VALYRA,Auri,104,21:00
512,91,Honey Toast,FairyFury ?‍♀️,105,21:00
512,92,HIA! HUENG (เฮียหึง),MANIAC,106,21:00
512,93,โครตจะไฮโซ,-CHANOMYEN-,162,21:00
512,94,3A & THE TRUTH,RENAXIS,107,21:00
512,95,Destiny Meeting,F1สั่งลุย,163,21:00
512,96,Lady Ignition,BlitZ,108,21:00
512,97,YakKinHma,Aftershock,164,22:00
512,98,ชอบแมวส้มมีหนวดจริงๆ,BLACK ROSES,109,22:00
512,99,heartseeker,FlowBrain 2,110,22:00
512,100,เข้าหูละ เหลือเข้าใจ,VIBE’e,111,22:00
512,101,แก๊งลูกหมี,PEPPA PIG,165,22:00
512,102,YaiTuaD,OLV,112,22:00
512,103,พีสะเดิดเปิดพัสดุ,Cutieshy-CTS (คิวท์ตี้ชาย),166,22:00
512,104,J Mung Suea PM,NØVΛ,113,22:00
512,105,SugarRush,แพะไม่หมู,167,22:00
512,106,ma aww,Elysia,114,22:00
512,107,HIVE,MeowMeowWhat,115,22:00
512,108,Queen Crown,Velvet Reign,116,22:00
512,109,Chikiken,ALWAYSG,168,22:00
512,110,Baddiez E-Sports,Awe‘some,117,22:00
512,111,กดสกิลเป็นก็พอ,ไม่อยากไปทำงาน,169,22:00
512,112,GSK (Girl So Kiss),Power Puff Ping,118,22:00
512,113,STAR REQUIEM,PPverygood,170,22:00
512,114,Kirei Desu,FROSTY BU,119,22:00
512,115,ไก่แจ้,Yellow girls,120,22:00
512,116,Violet Encounter,BBbunny,121,22:00
512,117,MIXERY,JAKKARU E-SPORTS,171,22:00
512,118,PITIPIWPIW WIW WIW,มาล่าเสื้อฟรี,122,22:00
512,119,เป่ายิ้งฉุบ,The Angry Crew,172,22:00
512,120,Jelly 5,VULKAN1,123,22:00
512,121,ENERGYx3,Barbie girl,173,22:00
512,122,PuffSQUAD,Poltergeist,124,22:00
512,123,เล่นเอาเสื้อ,.BYNKA.,125,22:00
512,124,PenBara,มากับดวง,126,22:00
512,125,พวกพี่สเต็ปกลอ,DarkAgenT,174,22:00
512,126,NTRNK,Funny Fight Gen LADY,127,22:00
512,127,Diva Blitz,VIXÉN,175,22:00
512,128,Nova.2,ขอเสื้อไม่ขอสู้!,128,22:00
